/* ********* PATIENTS ********* */
INSERT INTO Patient VALUES (1, 'Raphaël Soveral', '1967-2-14', 'Porto');
INSERT INTO Patient VALUES (2, 'Manraj Vilarinho', '2004-8-28', 'Setubal');
INSERT INTO Patient VALUES (3, 'Ramiro Amado', '1950-6-3', 'Braga');
INSERT INTO Patient VALUES (4, 'Angel Fernandes', '1952-1-23', 'Braganca');
INSERT INTO Patient VALUES (5, 'Hidanir Colaço', '1986-12-12', 'Evora');
INSERT INTO Patient VALUES (6, 'Samanta Caldas', '1986-10-1', 'Braga');
INSERT INTO Patient VALUES (7, 'Paul Leão', '1960-11-4', 'Faro');
INSERT INTO Patient VALUES (8, 'Eduarda Gonçalves', '1955-5-30', 'Guarda');
INSERT INTO Patient VALUES (9, 'Lilya Marins', '1992-9-6', 'Braga');
INSERT INTO Patient VALUES (10, 'Edineusa Jesus', '1987-11-27', 'Braganca');
INSERT INTO Patient VALUES (11, 'Absalão Gonçalves', '2009-6-20', 'Viseu');
INSERT INTO Patient VALUES (12, 'Angelini Picanço', '2002-7-27', 'Guarda');
INSERT INTO Patient VALUES (13, 'Lobo Barroso', '1993-2-12', 'Angra Do Heroismo');
INSERT INTO Patient VALUES (14, 'Djudd Bernardes', '1954-7-25', 'Vila Real');
INSERT INTO Patient VALUES (15, 'Irene Maciel', '1959-4-29', 'Coimbra');
INSERT INTO Patient VALUES (16, 'Iuliana Cordeiro', '1965-9-15', 'Braga');
INSERT INTO Patient VALUES (17, 'Nectarie Sales', '1968-7-20', 'Lisboa');
INSERT INTO Patient VALUES (18, 'Dariya Amoedo', '1964-9-1', 'Porto');
INSERT INTO Patient VALUES (19, 'Alesia Pacheco', '1992-6-25', 'Braga');
INSERT INTO Patient VALUES (20, 'Yossef Antas', '1973-7-26', 'Coimbra');
/* ********* DOCTORS ********* */
INSERT INTO Doctor VALUES (11, 1);
INSERT INTO Doctor VALUES (4, 2);
INSERT INTO Doctor VALUES (20, 3);
INSERT INTO Doctor VALUES (2, 4);
INSERT INTO Doctor VALUES (16, 5);
/* ********* DEVICES ********* */
INSERT INTO Device VALUES (80558661, 'Johnson & Johnson', 'IYTQUGJCXK');
INSERT INTO Device VALUES (45770515, 'Johnson & Johnson', 'OXRGPOQHEK');
INSERT INTO Device VALUES (44582585, 'Johnson & Johnson', 'ECOQHAADJQ');
INSERT INTO Device VALUES (38979363, 'Johnson & Johnson', 'IJONCPJSLE');
INSERT INTO Device VALUES (01938116, 'Johnson & Johnson', 'FSFUGOCQBC');
INSERT INTO Device VALUES (84681658, 'Johnson & Johnson', 'LUFFMBJHFX');
INSERT INTO Device VALUES (26266100, 'Johnson & Johnson', 'FALZCZZYGH');
INSERT INTO Device VALUES (48461375, 'Johnson & Johnson', 'JSWWZFRKTG');
INSERT INTO Device VALUES (57005967, 'Johnson & Johnson', 'FPTFSCWCZQ');
INSERT INTO Device VALUES (66388554, 'Johnson & Johnson', 'REXAJJFYXE');
INSERT INTO Device VALUES (80558661, 'Medtronic', 'THZJCHGQKC');
INSERT INTO Device VALUES (45770515, 'Medtronic', 'KCOIRJOKTV');
INSERT INTO Device VALUES (44582585, 'Medtronic', 'JNRRZCPLFY');
INSERT INTO Device VALUES (38979363, 'Medtronic', 'OCJYJKHIVK');
INSERT INTO Device VALUES (01938116, 'Medtronic', 'IEHQNRVRDF');
INSERT INTO Device VALUES (84681658, 'Medtronic', 'ZESDTHRGET');
INSERT INTO Device VALUES (83815206, 'Medtronic', 'FSGTASNMAT');
INSERT INTO Device VALUES (01524578, 'Medtronic', 'WETKTIOWMW');
INSERT INTO Device VALUES (03089614, 'Medtronic', 'ZUDURRXNEF');
INSERT INTO Device VALUES (81728596, 'Medtronic', 'XYBYPAVKGC');
INSERT INTO Device VALUES (45770515, 'Philips Healthcare', 'ZOUGGOKXHD');
INSERT INTO Device VALUES (01938116, 'Philips Healthcare', 'BHWLDQLEZQ');
INSERT INTO Device VALUES (01524578, 'Philips Healthcare', 'DSUOQPXGQU');
INSERT INTO Device VALUES (03089614, 'Philips Healthcare', 'VCIRDPUBUC');
INSERT INTO Device VALUES (96004656, 'Philips Healthcare', 'HZOKPNCOET');
INSERT INTO Device VALUES (66388554, 'Philips Healthcare', 'PQRXBBZWFM');
INSERT INTO Device VALUES (80218251, 'Philips Healthcare', 'NTRWFGVDBU');
INSERT INTO Device VALUES (93396993, 'Philips Healthcare', 'TVOSQNALVT');
INSERT INTO Device VALUES (50524548, 'Philips Healthcare', 'LDEZBYTBXL');
INSERT INTO Device VALUES (05899700, 'Philips Healthcare', 'YWGXMXHMEL');
INSERT INTO Device VALUES (01938116, 'GE Healthcare', 'CEEUIVHOSP');
INSERT INTO Device VALUES (01524578, 'GE Healthcare', 'EENNXIFMXI');
INSERT INTO Device VALUES (03089614, 'GE Healthcare', 'NGLVRXAHXJ');
INSERT INTO Device VALUES (81728596, 'GE Healthcare', 'MZXOEKEZIN');
INSERT INTO Device VALUES (31596292, 'GE Healthcare', 'BYFVDQSXPX');
INSERT INTO Device VALUES (20353477, 'GE Healthcare', 'NSJKLBRNGH');
INSERT INTO Device VALUES (26266100, 'GE Healthcare', 'NSMXXRZCBT');
INSERT INTO Device VALUES (48461375, 'GE Healthcare', 'VYKMORLMIW');
INSERT INTO Device VALUES (93396993, 'GE Healthcare', 'WGFLPXLCVS');
INSERT INTO Device VALUES (50524548, 'GE Healthcare', 'DTUACMTMQO');
INSERT INTO Device VALUES (80558661, 'Siemens Healthcare', 'DSUFYHBDJW');
INSERT INTO Device VALUES (45770515, 'Siemens Healthcare', 'IVUILQEIWP');
INSERT INTO Device VALUES (01938116, 'Siemens Healthcare', 'CPVQMLCTYW');
INSERT INTO Device VALUES (84681658, 'Siemens Healthcare', 'KQKDSGTFMQ');
INSERT INTO Device VALUES (03089614, 'Siemens Healthcare', 'LUXNSKLKDR');
INSERT INTO Device VALUES (81728596, 'Siemens Healthcare', 'XDXKKYEPJF');
INSERT INTO Device VALUES (27393015, 'Siemens Healthcare', 'DMRNDYKHVH');
INSERT INTO Device VALUES (49991099, 'Siemens Healthcare', 'GJJWOVRLZB');
INSERT INTO Device VALUES (80218251, 'Siemens Healthcare', 'HHMQIMRXOK');
INSERT INTO Device VALUES (93396993, 'Siemens Healthcare', 'BMEEJKFYCB');
/* ********* SENSORS ********* */
INSERT INTO Sensor VALUES (80558661, 'Medtronic', 'Blood Pressure (Diastolic) in mmHg');
INSERT INTO Sensor VALUES (84681658, 'Medtronic', 'Blood Pressure (Systolic) in mmHg');
INSERT INTO Sensor VALUES (01524578, 'Medtronic', 'Potassium in mmol/L');
INSERT INTO Sensor VALUES (80558661, 'Johnson & Johnson', 'Blood Pressure (Systolic) in mmHg');
INSERT INTO Sensor VALUES (57005967, 'Johnson & Johnson', 'Blood Pressure (Diastolic) in mmHg');
INSERT INTO Sensor VALUES (44582585, 'Johnson & Johnson', 'Potassium in mmol/L');
INSERT INTO Sensor VALUES (26266100, 'Johnson & Johnson', 'LDL cholesterol in mg/dL');
INSERT INTO Sensor VALUES (01938116, 'Siemens Healthcare', 'LDL cholesterol in mg/dL');
INSERT INTO Sensor VALUES (03089614, 'Siemens Healthcare', 'LDL cholesterol in mg/dL');
INSERT INTO Sensor VALUES (93396993, 'Siemens Healthcare', 'Potassium in mmol/L');
INSERT INTO Sensor VALUES (01938116, 'Philips Healthcare', 'LDL cholesterol in mg/dL');
INSERT INTO Sensor VALUES (50524548, 'Philips Healthcare', 'Blood Pressure (Diastolic) in mmHg');
INSERT INTO Sensor VALUES (45770515, 'Philips Healthcare', 'LDL cholesterol in mg/dL');
INSERT INTO Sensor VALUES (01938116, 'GE Healthcare', 'LDL cholesterol in mg/dL');
INSERT INTO Sensor VALUES (01524578, 'GE Healthcare', 'Potassium in mmol/L');
INSERT INTO Sensor VALUES (81728596, 'GE Healthcare', 'LDL cholesterol in mg/dL');
INSERT INTO Sensor VALUES (20353477, 'GE Healthcare', 'Blood Pressure (Diastolic) in mmHg');
/* ********* READINGS ********* */
/* OUTSIDE A WEAR PERIOD AND MORE THAN 90 DAYS */
INSERT INTO Reading VALUES (26266100, 'Johnson & Johnson', '2017-08-1 8:14:2', 246.46);
INSERT INTO Reading VALUES (26266100, 'Johnson & Johnson', '2017-08-2 8:14:2', 150.46);
/* OUTSIDE A WEAR PERIOD AND LESS THAN 90 DAYS */
INSERT INTO Reading VALUES (03089614, 'Siemens Healthcare', '2017-10-1 0:54:45', 205.42);
INSERT INTO Reading VALUES (03089614, 'Siemens Healthcare', '2017-10-1 13:59:15', 112.17);
INSERT INTO Reading VALUES (80558661, 'Medtronic', '2016-11-26 18:46:39', 124.92);
INSERT INTO Reading VALUES (80558661, 'Medtronic', '2016-12-5 6:23:21', 51.50);
INSERT INTO Reading VALUES (84681658, 'Medtronic', '2016-12-4 20:51:49', 76.73);
INSERT INTO Reading VALUES (84681658, 'Medtronic', '2016-12-11 19:57:28', 51.81);
INSERT INTO Reading VALUES (01524578, 'Medtronic', '2016-10-18 15:39:51', 6.72);
INSERT INTO Reading VALUES (01524578, 'Medtronic', '2016-10-26 7:32:6', 1.74);
INSERT INTO Reading VALUES (01524578, 'Medtronic', '2016-11-2 1:12:39', 7.84);
INSERT INTO Reading VALUES (80558661, 'Johnson & Johnson', '2016-11-19 0:47:30', 203.58);
INSERT INTO Reading VALUES (80558661, 'Johnson & Johnson', '2016-11-28 3:38:15', 186.67);
INSERT INTO Reading VALUES (57005967, 'Johnson & Johnson', '2016-10-1 2:33:47', 160.15);
INSERT INTO Reading VALUES (57005967, 'Johnson & Johnson', '2016-10-11 9:34:40', 188.64);
INSERT INTO Reading VALUES (57005967, 'Johnson & Johnson', '2016-10-17 18:44:14', 142.87);
INSERT INTO Reading VALUES (57005967, 'Johnson & Johnson', '2016-10-27 14:31:49', 116.05);
INSERT INTO Reading VALUES (57005967, 'Johnson & Johnson', '2016-11-8 23:28:27', 230.16);
INSERT INTO Reading VALUES (57005967, 'Johnson & Johnson', '2016-11-15 10:8:35', 147.02);
INSERT INTO Reading VALUES (57005967, 'Johnson & Johnson', '2016-11-25 7:38:48', 199.24);
INSERT INTO Reading VALUES (57005967, 'Johnson & Johnson', '2016-12-4 0:44:53', 247.89);
INSERT INTO Reading VALUES (57005967, 'Johnson & Johnson', '2016-12-16 4:29:19', 176.73);
INSERT INTO Reading VALUES (44582585, 'Johnson & Johnson', '2017-10-8 5:37:28', 52.24);
INSERT INTO Reading VALUES (44582585, 'Johnson & Johnson', '2017-10-19 7:42:8', 120.45);
INSERT INTO Reading VALUES (44582585, 'Johnson & Johnson', '2017-10-29 8:31:4', 105.43);
INSERT INTO Reading VALUES (44582585, 'Johnson & Johnson', '2017-11-11 19:27:7', 52.90);
INSERT INTO Reading VALUES (26266100, 'Johnson & Johnson', '2017-10-1 8:14:2', 146.46);
INSERT INTO Reading VALUES (26266100, 'Johnson & Johnson', '2017-10-2 22:21:10', 119.51);
INSERT INTO Reading VALUES (26266100, 'Johnson & Johnson', '2017-10-2 22:23:19', 105.27);
INSERT INTO Reading VALUES (26266100, 'Johnson & Johnson', '2017-10-3 11:1:0', 146.84);
INSERT INTO Reading VALUES (26266100, 'Johnson & Johnson', '2017-10-4 0:26:51', 129.47);
INSERT INTO Reading VALUES (26266100, 'Johnson & Johnson', '2017-10-4 11:22:9', 196.01);
INSERT INTO Reading VALUES (26266100, 'Johnson & Johnson', '2017-10-5 4:46:33', 192.92);
INSERT INTO Reading VALUES (26266100, 'Johnson & Johnson', '2017-10-5 6:11:6', 103.47);
INSERT INTO Reading VALUES (26266100, 'Johnson & Johnson', '2017-10-6 6:56:11', 180.20);
INSERT INTO Reading VALUES (01938116, 'Siemens Healthcare', '2016-9-5 4:10:36', 201.94);
INSERT INTO Reading VALUES (01938116, 'Siemens Healthcare', '2016-9-5 16:13:42', 212.36);
INSERT INTO Reading VALUES (01938116, 'Siemens Healthcare', '2016-9-6 1:15:31', 241.52);
INSERT INTO Reading VALUES (01938116, 'Siemens Healthcare', '2016-9-6 17:17:31', 112.03);
INSERT INTO Reading VALUES (01938116, 'Siemens Healthcare', '2016-10-7 9:44:5', 128.79);
INSERT INTO Reading VALUES (01938116, 'Siemens Healthcare', '2016-10-7 13:50:32', 247.96);
INSERT INTO Reading VALUES (01938116, 'Siemens Healthcare', '2016-10-8 1:49:22', 132.05);
INSERT INTO Reading VALUES (01938116, 'Siemens Healthcare', '2016-11-8 17:58:41', 212.99);
INSERT INTO Reading VALUES (01938116, 'Siemens Healthcare', '2016-11-9 11:8:10', 124.69);
INSERT INTO Reading VALUES (01938116, 'Siemens Healthcare', '2016-11-9 16:16:49', 195.32);
INSERT INTO Reading VALUES (03089614, 'Siemens Healthcare', '2017-10-3 0:54:45', 205.42);
INSERT INTO Reading VALUES (03089614, 'Siemens Healthcare', '2017-10-3 13:59:15', 212.17);
INSERT INTO Reading VALUES (03089614, 'Siemens Healthcare', '2017-10-4 19:36:11', 194.58);
INSERT INTO Reading VALUES (03089614, 'Siemens Healthcare', '2017-10-5 7:16:14', 150.84);
INSERT INTO Reading VALUES (03089614, 'Siemens Healthcare', '2017-10-5 23:36:52', 204.00);
INSERT INTO Reading VALUES (03089614, 'Siemens Healthcare', '2017-10-6 9:26:16', 157.79);
INSERT INTO Reading VALUES (93396993, 'Siemens Healthcare', '2017-1-8 11:7:29', 2.54);
INSERT INTO Reading VALUES (93396993, 'Siemens Healthcare', '2017-1-10 7:31:51', 1.87);
INSERT INTO Reading VALUES (93396993, 'Siemens Healthcare', '2017-1-12 6:3:25', 4.85);
INSERT INTO Reading VALUES (93396993, 'Siemens Healthcare', '2017-1-14 10:40:19', 3.21);

/* Comment  the following line to test Query 1*/
INSERT INTO Reading VALUES (01938116, 'Philips Healthcare', '2017-10-6 19:29:23', 250.35); 

INSERT INTO Reading VALUES (01938116, 'Philips Healthcare', '2017-10-7 19:29:23', 440.35);
INSERT INTO Reading VALUES (01938116, 'Philips Healthcare', '2017-10-8 19:29:23', 350.35);
INSERT INTO Reading VALUES (01938116, 'Philips Healthcare', '2017-10-18 12:18:56', 300.45);
INSERT INTO Reading VALUES (01938116, 'Philips Healthcare', '2017-10-29 17:33:23', 150.55);
INSERT INTO Reading VALUES (50524548, 'Philips Healthcare', '2017-7-20 1:17:30', 229.71);
INSERT INTO Reading VALUES (50524548, 'Philips Healthcare', '2017-7-28 8:53:57', 204.87);
INSERT INTO Reading VALUES (50524548, 'Philips Healthcare', '2017-8-5 10:18:51', 164.12);
INSERT INTO Reading VALUES (50524548, 'Philips Healthcare', '2017-8-12 20:39:4', 184.71);
INSERT INTO Reading VALUES (50524548, 'Philips Healthcare', '2017-8-19 13:34:28', 270.99);
INSERT INTO Reading VALUES (50524548, 'Philips Healthcare', '2017-8-26 13:34:28', 240.18);
INSERT INTO Reading VALUES (50524548, 'Philips Healthcare', '2017-9-3 13:34:28', 170.21);
INSERT INTO Reading VALUES (50524548, 'Philips Healthcare', '2017-9-10 13:34:28', 160.99);
INSERT INTO Reading VALUES (50524548, 'Philips Healthcare', '2017-9-17 13:34:28', 150.99);
INSERT INTO Reading VALUES (50524548, 'Philips Healthcare', '2017-9-25 13:34:28', 270.99);
INSERT INTO Reading VALUES (50524548, 'Philips Healthcare', '2017-9-30 13:34:28', 170.99);
INSERT INTO Reading VALUES (50524548, 'Philips Healthcare', '2017-10-5 13:34:28', 170.99);
INSERT INTO Reading VALUES (50524548, 'Philips Healthcare', '2017-10-10 13:34:28', 125.43);
INSERT INTO Reading VALUES (50524548, 'Philips Healthcare', '2017-10-14 13:34:28', 270.99);
INSERT INTO Reading VALUES (45770515, 'Philips Healthcare', '2016-12-19 18:59:22', 144.24);
INSERT INTO Reading VALUES (45770515, 'Philips Healthcare', '2016-12-28 23:3:47', 122.62);
INSERT INTO Reading VALUES (45770515, 'Philips Healthcare', '2017-1-9 12:25:58', 136.94);
INSERT INTO Reading VALUES (45770515, 'Philips Healthcare', '2017-1-21 0:47:58', 134.37);
INSERT INTO Reading VALUES (01938116, 'GE Healthcare', '2017-9-26 4:55:22', 102.20);
INSERT INTO Reading VALUES (01938116, 'GE Healthcare', '2017-9-27 11:48:17', 201.63);
INSERT INTO Reading VALUES (01938116, 'GE Healthcare', '2017-9-27 21:32:58', 204.79);
INSERT INTO Reading VALUES (01938116, 'GE Healthcare', '2017-9-28 1:13:41', 204.10);
INSERT INTO Reading VALUES (01524578, 'GE Healthcare', '2016-12-9 17:12:32', 134.70);
INSERT INTO Reading VALUES (01524578, 'GE Healthcare', '2016-12-20 21:22:41', 70.26);
INSERT INTO Reading VALUES (01524578, 'GE Healthcare', '2017-1-8 15:16:54', 86.87);
INSERT INTO Reading VALUES (01524578, 'GE Healthcare', '2017-2-9 16:10:59', 69.09);
INSERT INTO Reading VALUES (01524578, 'GE Healthcare', '2017-2-16 22:56:12', 63.86);
INSERT INTO Reading VALUES (81728596, 'GE Healthcare', '2017-9-17 15:8:37', 131.45);
INSERT INTO Reading VALUES (81728596, 'GE Healthcare', '2017-9-18 12:45:43', 108.33);
INSERT INTO Reading VALUES (81728596, 'GE Healthcare', '2017-9-19 9:42:0', 121.26);
INSERT INTO Reading VALUES (81728596, 'GE Healthcare', '2017-9-20 14:11:20', 77.12);
INSERT INTO Reading VALUES (20353477, 'GE Healthcare', '2017-4-26 8:11:37', 105.88);
INSERT INTO Reading VALUES (20353477, 'GE Healthcare', '2017-5-6 0:54:23', 148.55);
INSERT INTO Reading VALUES (20353477, 'GE Healthcare', '2017-5-15 3:30:38', 243.21);
/* ********* PERIODS ********* */
INSERT INTO Period VALUES ('2016-11-24 11:22:38', '2016-12-11 06:23:21');
INSERT INTO Period VALUES ('2016-12-02 22:45:41', '2016-12-16 19:57:28');
INSERT INTO Period VALUES ('2016-10-17 14:05:02', '2016-11-10 01:12:39');
INSERT INTO Period VALUES ('2016-11-17 06:30:06', '2016-12-03 03:38:15');
INSERT INTO Period VALUES ('2016-09-30 21:29:24', '2016-12-23 04:29:19');
INSERT INTO Period VALUES ('2017-10-07 13:59:07', '2018-01-05 23:05:30');
INSERT INTO Period VALUES ('2017-09-10 03:26:06', '2017-11-07 06:56:11');
INSERT INTO Period VALUES ('2016-09-03 02:49:50', '2016-11-24 16:16:49');
INSERT INTO Period VALUES ('2017-10-02 02:14:14', '2017-10-22 09:26:16');
INSERT INTO Period VALUES ('2017-01-05 08:05:24', '2017-03-24 10:40:19');
INSERT INTO Period VALUES ('2017-09-03 16:40:36', '2017-12-04 17:33:23');
INSERT INTO Period VALUES ('2017-06-04 12:43:54', '2017-10-17 13:34:28');
INSERT INTO Period VALUES ('2016-12-17 05:08:58', '2017-01-29 00:47:58');
INSERT INTO Period VALUES ('2017-05-24 13:27:34', '2017-10-28 01:13:41');
INSERT INTO Period VALUES ('2016-12-07 05:50:32', '2017-02-26 22:56:12');
INSERT INTO Period VALUES ('2017-08-14 10:03:27', '2017-10-10 14:11:20');
INSERT INTO Period VALUES ('2017-04-23 13:31:51', '2017-05-24 03:30:38');
/* ********* WEARS ********* */
INSERT INTO Wears VALUES ('2016-11-24 11:22:38', '2016-12-11 06:23:21', 9, 80558661, 'Medtronic');
INSERT INTO Wears VALUES ('2016-12-02 22:45:41', '2016-12-16 19:57:28', 8, 84681658, 'Medtronic');
INSERT INTO Wears VALUES ('2016-10-17 14:05:02', '2016-11-10 01:12:39', 11, 01524578, 'Medtronic');
INSERT INTO Wears VALUES ('2016-11-17 06:30:06', '2016-12-03 03:38:15', 4, 80558661, 'Johnson & Johnson');
INSERT INTO Wears VALUES ('2016-09-30 21:29:24', '2016-12-23 04:29:19', 19, 57005967, 'Johnson & Johnson');
INSERT INTO Wears VALUES ('2017-10-07 13:59:07', '2018-01-05 23:05:30', 11, 44582585, 'Johnson & Johnson');
INSERT INTO Wears VALUES ('2017-09-10 03:26:06', '2017-11-07 06:56:11', 15, 26266100, 'Johnson & Johnson');
INSERT INTO Wears VALUES ('2016-09-03 02:49:50', '2016-11-24 16:16:49', 3, 01938116, 'Siemens Healthcare');
INSERT INTO Wears VALUES ('2017-10-02 02:14:14', '2017-10-22 09:26:16', 20, 03089614, 'Siemens Healthcare');
INSERT INTO Wears VALUES ('2017-01-05 08:05:24', '2017-03-24 10:40:19', 13, 93396993, 'Siemens Healthcare');
INSERT INTO Wears VALUES ('2017-09-03 16:40:36', '2017-12-04 17:33:23', 12, 01938116, 'Philips Healthcare');
INSERT INTO Wears VALUES ('2017-06-04 12:43:54', '2017-10-17 13:34:28', 12, 50524548, 'Philips Healthcare');
INSERT INTO Wears VALUES ('2016-12-17 05:08:58', '2017-01-29 00:47:58', 3, 45770515, 'Philips Healthcare');
INSERT INTO Wears VALUES ('2017-05-24 13:27:34', '2017-10-28 01:13:41', 17, 01938116, 'GE Healthcare');
INSERT INTO Wears VALUES ('2016-12-07 05:50:32', '2017-02-26 22:56:12', 8, 01524578, 'GE Healthcare');
INSERT INTO Wears VALUES ('2017-08-14 10:03:27', '2017-10-10 14:11:20', 11, 81728596, 'GE Healthcare');
INSERT INTO Wears VALUES ('2017-04-23 13:31:51', '2017-05-24 03:30:38', 17, 20353477, 'GE Healthcare');
/* ********* REQUESTS ********* */
INSERT INTO Request VALUES (1, 4, 5, '2015-3-22');
INSERT INTO Request VALUES (2, 20, 4, '2015-4-18');
INSERT INTO Request VALUES (3, 13, 5, '2015-7-8');
INSERT INTO Request VALUES (4, 2, 5, '2016-3-12');
INSERT INTO Request VALUES (5, 3, 1, '2016-7-8');
INSERT INTO Request VALUES (6, 19, 1, '2016-10-6');
INSERT INTO Request VALUES (7, 3, 2, '2017-3-7');
INSERT INTO Request VALUES (8, 5, 5, '2017-6-9');
INSERT INTO Request VALUES (9, 16, 3, '2017-10-23');
INSERT INTO Request VALUES (10, 3, 1, '2016-01-14');
/* ********* STUDIES ********* */
INSERT INTO Study VALUES (1, 'HRZFAKYSJA', '2015-4-3', 4, 'Johnson & Johnson', 80558661);
INSERT INTO Study VALUES (1, 'HAFD3KRWFA', '2015-4-16', 3, 'GE Healthcare', 01938116);
INSERT INTO Study VALUES (1, '1243SDFS5V', '2015-4-28', 3, 'Medtronic', 80558661);
INSERT INTO Study VALUES (2, 'HRZFAKYSJA', '2015-4-28', 1, 'Medtronic', 80558661);
INSERT INTO Study VALUES (2, 'SDFWT4FSRG', '2015-4-29', 1, 'Medtronic', 45770515);
INSERT INTO Study VALUES (2, 'SKFSKKFEE3', '2015-4-29', 2, 'Medtronic', 44582585);
INSERT INTO Study VALUES (2, 'SETER5GDVB', '2015-5-01', 1, 'Medtronic', 38979363);
INSERT INTO Study VALUES (2, '35675THBRT', '2015-5-04', 3, 'Medtronic', 01938116);
INSERT INTO Study VALUES (2, 'DSSDSGRHTJ', '2015-5-10', 5, 'Medtronic', 84681658);
INSERT INTO Study VALUES (2, 'FDHTHTFGDV', '2015-5-12', 5, 'Medtronic', 83815206);
INSERT INTO Study VALUES (2, 'LWEOEOREXV', '2015-5-15', 5, 'Medtronic', 01524578);
INSERT INTO Study VALUES (2, 'T564GREGER', '2015-5-20', 1, 'Medtronic', 03089614);
INSERT INTO Study VALUES (2, 'ASDGTRHLOZ', '2015-5-28', 2, 'Medtronic', 81728596);
INSERT INTO Study VALUES (3, 'EJAJWER4SD', '2015-8-5', 1, 'Philips Healthcare', 50524548);
INSERT INTO Study VALUES (4, 'HRZFAKYSJA', '2016-4-3', 4, 'Johnson & Johnson', 80558661);
INSERT INTO Study VALUES (4, 'HAFD3KRWFA', '2016-4-16', 3, 'GE Healthcare', 01938116);
INSERT INTO Study VALUES (4, 'SDF04FFSEF', '2016-4-18', 3, 'Medtronic', 80558661);
INSERT INTO Study VALUES (5, 'HRZFAKYSJA', '2016-7-10', 2, 'Medtronic', 80558661);
INSERT INTO Study VALUES (5, 'SDFWT4FSRG', '2016-7-12', 3, 'Medtronic', 45770515);
INSERT INTO Study VALUES (5, 'SKFSKKFEE3', '2016-7-15', 2, 'Medtronic', 44582585);
INSERT INTO Study VALUES (5, 'SETER5GDVB', '2016-7-20', 5, 'Medtronic', 38979363);
INSERT INTO Study VALUES (5, '35675THBRT', '2016-7-25', 3, 'Medtronic', 01938116);
INSERT INTO Study VALUES (5, 'DSSDSGRHTJ', '2016-7-28', 5, 'Medtronic', 84681658);
INSERT INTO Study VALUES (5, 'FDHTHTFGDV', '2016-7-30', 5, 'Medtronic', 83815206);
INSERT INTO Study VALUES (5, 'LWEOEOREXV', '2016-8-15', 5, 'Medtronic', 01524578);
INSERT INTO Study VALUES (5, 'T564GREGER', '2016-8-20', 3, 'Medtronic', 03089614);
INSERT INTO Study VALUES (5, 'ASDGTRHLOZ', '2016-8-28', 2, 'Medtronic', 81728596);
INSERT INTO Study VALUES (6, 'EJAJWER4SD', '2016-8-5', 4, 'Siemens Healthcare', 27393015);
INSERT INTO Study VALUES (7, 'HRZFAKYSJA', '2017-4-3', 4, 'Johnson & Johnson', 80558661);
INSERT INTO Study VALUES (7, 'T564GREGER', '2017-4-16', 3, 'GE Healthcare', 01938116);
INSERT INTO Study VALUES (8, 'HRZFAKYSJA', '2017-7-10', 1, 'Medtronic', 80558661);
INSERT INTO Study VALUES (8, 'SDFWT4FSRG', '2017-7-12', 1, 'Medtronic', 45770515);
INSERT INTO Study VALUES (8, 'SKFSKKFEE3', '2017-7-15', 2, 'Medtronic', 44582585);
INSERT INTO Study VALUES (8, 'SETER5GDVB', '2017-7-20', 1, 'Medtronic', 38979363);
INSERT INTO Study VALUES (8, '35675THBRT', '2017-7-25', 3, 'Medtronic', 01938116);
INSERT INTO Study VALUES (8, 'DSSDSGRHTJ', '2017-7-28', 4, 'Medtronic', 84681658);
INSERT INTO Study VALUES (8, 'FDHTHTFGDV', '2017-7-30', 4, 'Medtronic', 83815206);
INSERT INTO Study VALUES (8, 'LWEOEOREXV', '2017-8-15', 4, 'Medtronic', 01524578);
INSERT INTO Study VALUES (8, 'T564GREGER', '2017-8-20', 1, 'Medtronic', 03089614);
INSERT INTO Study VALUES (8, 'ASDGTRHLOZ', '2017-8-28', 2, 'Medtronic', 81728596);
INSERT INTO Study VALUES (9, 'EJAJWER4SD', '2017-10-26', 1, 'Siemens Healthcare', 27393015);
INSERT INTO Study VALUES (6, 'HRZFAKYSJA', '2016-10-10', 2, 'Medtronic', 80558661);
INSERT INTO Study VALUES (6, 'SDFWT4FSRG', '2016-10-11', 3, 'Medtronic', 45770515);
INSERT INTO Study VALUES (6, 'SKFSKKFEE3', '2016-10-12', 2, 'Medtronic', 44582585);
INSERT INTO Study VALUES (6, 'SETER5GDVB', '2016-10-13', 5, 'Medtronic', 38979363);
INSERT INTO Study VALUES (6, '35675THBRT', '2016-10-15', 3, 'Medtronic', 01938116);
INSERT INTO Study VALUES (6, 'DSSDSGRHTJ', '2016-10-17', 5, 'Medtronic', 84681658);
INSERT INTO Study VALUES (6, 'FDHTHTFGDV', '2016-10-20', 5, 'Medtronic', 83815206);
INSERT INTO Study VALUES (6, 'LWEOEOREXV', '2016-10-21', 5, 'Medtronic', 01524578);
INSERT INTO Study VALUES (6, 'T564GREGER', '2016-10-22', 3, 'Medtronic', 03089614);
INSERT INTO Study VALUES (6, 'ASDGTRHLOZ', '2016-10-23', 2, 'Medtronic', 81728596);
INSERT INTO Study VALUES (10, 'HRZFAKYSJA', '2016-02-10', 2, 'Medtronic', 80558661);
INSERT INTO Study VALUES (10, 'SDFWT4FSRG', '2016-02-11', 3, 'Medtronic', 45770515);
INSERT INTO Study VALUES (10, 'SKFSKKFEE3', '2016-02-12', 2, 'Medtronic', 44582585);
INSERT INTO Study VALUES (10, 'SETER5GDVB', '2016-02-13', 5, 'Medtronic', 38979363);
INSERT INTO Study VALUES (10, '35675THBRT', '2016-02-15', 3, 'Medtronic', 01938116);
INSERT INTO Study VALUES (10, 'DSSDSGRHTJ', '2016-02-17', 5, 'Medtronic', 84681658);
INSERT INTO Study VALUES (10, 'FDHTHTFGDV', '2016-02-20', 5, 'Medtronic', 83815206);
INSERT INTO Study VALUES (10, 'LWEOEOREXV', '2016-02-21', 5, 'Medtronic', 01524578);
INSERT INTO Study VALUES (10, 'T564GREGER', '2016-02-22', 3, 'Medtronic', 03089614);
INSERT INTO Study VALUES (10, 'ASDGTRHLOZ', '2016-02-23', 2, 'Medtronic', 81728596);
/* ********* SERIES ********* */
INSERT INTO Series VALUES (1, 'Series#1', 'http://series.health.com/1', 1, 'HRZFAKYSJA');
INSERT INTO Series VALUES (2, 'Series#2', 'http://series.health.com/2', 1, 'HAFD3KRWFA');
INSERT INTO Series VALUES (3, 'Series#3', 'http://series.health.com/3', 2, 'T564GREGER');
INSERT INTO Series VALUES (4, 'Series#4', 'http://series.health.com/4', 2, 'ASDGTRHLOZ');
INSERT INTO Series VALUES (5, 'Series#5', 'http://series.health.com/5', 3, 'EJAJWER4SD');
INSERT INTO Series VALUES (6, 'Series#6', 'http://series.health.com/6', 5, 'SKFSKKFEE3');
INSERT INTO Series VALUES (7, 'Series#7', 'http://series.health.com/7', 6, 'EJAJWER4SD');
INSERT INTO Series VALUES (8, 'Series#8', 'http://series.health.com/8', 8, 'ASDGTRHLOZ');
INSERT INTO Series VALUES (9, 'Series#9', 'http://series.health.com/9', 9, 'EJAJWER4SD');
/* ********* ELEMENTS ********* */
INSERT INTO Element VALUES (1, 1);
INSERT INTO Element VALUES (1, 2);
INSERT INTO Element VALUES (1, 3);
INSERT INTO Element VALUES (2, 1);
INSERT INTO Element VALUES (2, 2);
INSERT INTO Element VALUES (3, 1);
INSERT INTO Element VALUES (3, 2);
INSERT INTO Element VALUES (4, 1);
INSERT INTO Element VALUES (4, 2);
INSERT INTO Element VALUES (6, 1);
INSERT INTO Element VALUES (6, 2);
INSERT INTO Element VALUES (7, 1);
INSERT INTO Element VALUES (8, 1);
INSERT INTO Element VALUES (8, 2);
INSERT INTO Element VALUES (8, 3);
INSERT INTO Element VALUES (9, 1);
INSERT INTO Element VALUES (9, 2);
/* ********* REGION ********* */
INSERT INTO Region VALUES (1, 1, 0.05, 0.19, 0.65, 0.48);
INSERT INTO Region VALUES (1, 2, 0.60, 0.12, 0.84, 0.25);
INSERT INTO Region VALUES (1, 3, 0.63, 0.75, 0.70, 0.90);
INSERT INTO Region VALUES (1, 3, 0.67, 0.80, 0.75, 0.85);
INSERT INTO Region VALUES (2, 1, 0.20, 0.17, 0.41, 0.56);
INSERT INTO Region VALUES (2, 2, 0.41, 0.18, 0.67, 0.73);
INSERT INTO Region VALUES (3, 1, 0.01, 0.00, 0.51, 0.08);
INSERT INTO Region VALUES (3, 2, 0.36, 0.42, 0.97, 0.65);
INSERT INTO Region VALUES (4, 1, 0.88, 0.19, 0.90, 0.89);
INSERT INTO Region VALUES (4, 2, 0.57, 0.69, 0.87, 0.94);
INSERT INTO Region VALUES (6, 1, 0.28, 0.03, 0.96, 0.63);
INSERT INTO Region VALUES (6, 2, 0.16, 0.06, 0.37, 0.70);
INSERT INTO Region VALUES (7, 1, 0.46, 0.09, 0.54, 0.13);
INSERT INTO Region VALUES (8, 1, 0.06, 0.56, 0.13, 0.72);
INSERT INTO Region VALUES (8, 2, 0.20, 0.41, 0.31, 0.65);
INSERT INTO Region VALUES (8, 3, 0.04, 0.29, 0.15, 0.85);
INSERT INTO Region VALUES (9, 1, 0.56, 0.33, 0.78, 0.97);
INSERT INTO Region VALUES (9, 2, 0.00, 0.70, 0.56, 0.89);